Comment,Feature,Sentiment
Mobile Responsiveness works perfectly!,Mobile Responsiveness,Positive
The Loading Times needs a lot of improvement.,Loading Times,Negative
Product Pages works perfectly!,Product Pages,Positive
I found the Checkout Process to be confusing and frustrating.,Checkout Process,Negative
I love how smooth the Mobile Responsiveness is.,Mobile Responsiveness,Positive
I'm indifferent about the Search Functionality.,Search Functionality,Neutral
I love how smooth the Mobile Responsiveness is.,Mobile Responsiveness,Positive
The Login Process exceeded my expectations.,Login Process,Positive
The Loading Times works as expected.,Loading Times,Neutral
The Loading Times works as expected.,Loading Times,Neutral
Mobile Responsiveness works perfectly!,Mobile Responsiveness,Positive
The Product Pages didn't work as I expected.,Product Pages,Negative
The Mobile Responsiveness exceeded my expectations.,Mobile Responsiveness,Positive
I'm disappointed with the Checkout Process.,Checkout Process,Negative
The Checkout Process is neither good nor bad.,Checkout Process,Neutral
I'm disappointed with the Login Process.,Login Process,Negative
I found the Search Functionality to be confusing and frustrating.,Search Functionality,Negative
I'm indifferent about the Checkout Process.,Checkout Process,Neutral
I found the Mobile Responsiveness to be confusing and frustrating.,Mobile Responsiveness,Negative
"Checkout Process is okay, nothing special.",Checkout Process,Neutral
I'm very satisfied with the Customer Support.,Customer Support,Positive
The Customer Support didn't work as I expected.,Customer Support,Negative
I'm very satisfied with the Login Process.,Login Process,Positive
The Mobile Responsiveness works as expected.,Mobile Responsiveness,Neutral
I found the Login Process to be confusing and frustrating.,Login Process,Negative
Checkout Process is too slow and unresponsive.,Checkout Process,Negative
I found the Loading Times to be confusing and frustrating.,Loading Times,Negative
I love how smooth the Checkout Process is.,Checkout Process,Positive
Navigation is too slow and unresponsive.,Navigation,Negative
The Loading Times is very user-friendly and efficient.,Loading Times,Positive
Loading Times is just average.,Loading Times,Neutral
I'm indifferent about the Loading Times.,Loading Times,Neutral
Customer Support works perfectly!,Customer Support,Positive
The Product Pages didn't work as I expected.,Product Pages,Negative
I love how smooth the Search Functionality is.,Search Functionality,Positive
Mobile Responsiveness is just average.,Mobile Responsiveness,Neutral
I'm indifferent about the Checkout Process.,Checkout Process,Neutral
Search Functionality is just average.,Search Functionality,Neutral
"Login Process is okay, nothing special.",Login Process,Neutral
Navigation is too slow and unresponsive.,Navigation,Negative
Product Pages is too slow and unresponsive.,Product Pages,Negative
Product Pages works perfectly!,Product Pages,Positive
Navigation works perfectly!,Navigation,Positive
I'm disappointed with the Checkout Process.,Checkout Process,Negative
I love how smooth the Customer Support is.,Customer Support,Positive
The Mobile Responsiveness works as expected.,Mobile Responsiveness,Neutral
Login Process is too slow and unresponsive.,Login Process,Negative
I found the Mobile Responsiveness to be confusing and frustrating.,Mobile Responsiveness,Negative
The Product Pages needs a lot of improvement.,Product Pages,Negative
The Loading Times needs a lot of improvement.,Loading Times,Negative
The Navigation exceeded my expectations.,Navigation,Positive
I'm disappointed with the Navigation.,Navigation,Negative
Product Pages works perfectly!,Product Pages,Positive
The Mobile Responsiveness needs a lot of improvement.,Mobile Responsiveness,Negative
Navigation works perfectly!,Navigation,Positive
I found the Login Process to be confusing and frustrating.,Login Process,Negative
The Checkout Process is very user-friendly and efficient.,Checkout Process,Positive
Navigation is just average.,Navigation,Neutral
I'm indifferent about the Mobile Responsiveness.,Mobile Responsiveness,Neutral
The Login Process didn't work as I expected.,Login Process,Negative
Product Pages works perfectly!,Product Pages,Positive
The Navigation needs a lot of improvement.,Navigation,Negative
The Mobile Responsiveness is very user-friendly and efficient.,Mobile Responsiveness,Positive
Loading Times is too slow and unresponsive.,Loading Times,Negative
I love how smooth the Mobile Responsiveness is.,Mobile Responsiveness,Positive
The Customer Support works as expected.,Customer Support,Neutral
Checkout Process is too slow and unresponsive.,Checkout Process,Negative
I'm disappointed with the Mobile Responsiveness.,Mobile Responsiveness,Negative
Checkout Process is too slow and unresponsive.,Checkout Process,Negative
The Navigation is neither good nor bad.,Navigation,Neutral
The Search Functionality exceeded my expectations.,Search Functionality,Positive
The Mobile Responsiveness works as expected.,Mobile Responsiveness,Neutral
The Login Process is neither good nor bad.,Login Process,Neutral
The Customer Support is neither good nor bad.,Customer Support,Neutral
Search Functionality is too slow and unresponsive.,Search Functionality,Negative
I found the Customer Support to be confusing and frustrating.,Customer Support,Negative
I love how smooth the Mobile Responsiveness is.,Mobile Responsiveness,Positive
I love how smooth the Checkout Process is.,Checkout Process,Positive
I'm disappointed with the Navigation.,Navigation,Negative
I'm disappointed with the Checkout Process.,Checkout Process,Negative
The Mobile Responsiveness works as expected.,Mobile Responsiveness,Neutral
"Checkout Process is okay, nothing special.",Checkout Process,Neutral
I'm very satisfied with the Search Functionality.,Search Functionality,Positive
The Customer Support works as expected.,Customer Support,Neutral
Loading Times is just average.,Loading Times,Neutral
The Product Pages exceeded my expectations.,Product Pages,Positive
The Customer Support is neither good nor bad.,Customer Support,Neutral
I'm indifferent about the Checkout Process.,Checkout Process,Neutral
Loading Times works perfectly!,Loading Times,Positive
I found the Login Process to be confusing and frustrating.,Login Process,Negative
The Checkout Process didn't work as I expected.,Checkout Process,Negative
"Loading Times is okay, nothing special.",Loading Times,Neutral
The Search Functionality didn't work as I expected.,Search Functionality,Negative
The Product Pages exceeded my expectations.,Product Pages,Positive
I'm indifferent about the Navigation.,Navigation,Neutral
I'm disappointed with the Product Pages.,Product Pages,Negative
I'm disappointed with the Product Pages.,Product Pages,Negative
I'm very satisfied with the Customer Support.,Customer Support,Positive
Loading Times works perfectly!,Loading Times,Positive
I found the Login Process to be confusing and frustrating.,Login Process,Negative
"Loading Times is okay, nothing special.",Loading Times,Neutral
The Customer Support needs a lot of improvement.,Customer Support,Negative
The Loading Times works as expected.,Loading Times,Neutral
The Checkout Process is very user-friendly and efficient.,Checkout Process,Positive
I'm indifferent about the Checkout Process.,Checkout Process,Neutral
I'm indifferent about the Login Process.,Login Process,Neutral
Product Pages is just average.,Product Pages,Neutral
I love how smooth the Customer Support is.,Customer Support,Positive
"Search Functionality is okay, nothing special.",Search Functionality,Neutral
The Login Process exceeded my expectations.,Login Process,Positive
The Product Pages works as expected.,Product Pages,Neutral
The Customer Support didn't work as I expected.,Customer Support,Negative
The Product Pages didn't work as I expected.,Product Pages,Negative
The Navigation didn't work as I expected.,Navigation,Negative
Login Process works perfectly!,Login Process,Positive
I found the Product Pages to be confusing and frustrating.,Product Pages,Negative
The Checkout Process is very user-friendly and efficient.,Checkout Process,Positive
The Loading Times needs a lot of improvement.,Loading Times,Negative
The Customer Support is very user-friendly and efficient.,Customer Support,Positive
The Product Pages is very user-friendly and efficient.,Product Pages,Positive
The Loading Times exceeded my expectations.,Loading Times,Positive
I'm indifferent about the Customer Support.,Customer Support,Neutral
I'm indifferent about the Navigation.,Navigation,Neutral
The Customer Support works as expected.,Customer Support,Neutral
I'm very satisfied with the Mobile Responsiveness.,Mobile Responsiveness,Positive
I love how smooth the Loading Times is.,Loading Times,Positive
I found the Customer Support to be confusing and frustrating.,Customer Support,Negative
The Product Pages is neither good nor bad.,Product Pages,Neutral
The Checkout Process exceeded my expectations.,Checkout Process,Positive
The Navigation exceeded my expectations.,Navigation,Positive
"Loading Times is okay, nothing special.",Loading Times,Neutral
I love how smooth the Mobile Responsiveness is.,Mobile Responsiveness,Positive
Mobile Responsiveness is just average.,Mobile Responsiveness,Neutral
I found the Search Functionality to be confusing and frustrating.,Search Functionality,Negative
I found the Navigation to be confusing and frustrating.,Navigation,Negative
I'm disappointed with the Loading Times.,Loading Times,Negative
I'm indifferent about the Login Process.,Login Process,Neutral
Navigation works perfectly!,Navigation,Positive
The Product Pages is neither good nor bad.,Product Pages,Neutral
The Login Process works as expected.,Login Process,Neutral
I'm very satisfied with the Mobile Responsiveness.,Mobile Responsiveness,Positive
I'm disappointed with the Login Process.,Login Process,Negative
Navigation works perfectly!,Navigation,Positive
The Login Process is very user-friendly and efficient.,Login Process,Positive
I'm very satisfied with the Search Functionality.,Search Functionality,Positive
I'm disappointed with the Search Functionality.,Search Functionality,Negative
Search Functionality works perfectly!,Search Functionality,Positive
The Search Functionality needs a lot of improvement.,Search Functionality,Negative
"Customer Support is okay, nothing special.",Customer Support,Neutral
The Login Process is very user-friendly and efficient.,Login Process,Positive
I'm indifferent about the Product Pages.,Product Pages,Neutral
I'm disappointed with the Login Process.,Login Process,Negative
The Checkout Process is neither good nor bad.,Checkout Process,Neutral
"Search Functionality is okay, nothing special.",Search Functionality,Neutral
The Product Pages exceeded my expectations.,Product Pages,Positive
I'm very satisfied with the Search Functionality.,Search Functionality,Positive
I'm indifferent about the Navigation.,Navigation,Neutral
Product Pages is too slow and unresponsive.,Product Pages,Negative
Mobile Responsiveness works perfectly!,Mobile Responsiveness,Positive
Mobile Responsiveness is too slow and unresponsive.,Mobile Responsiveness,Negative
The Checkout Process is neither good nor bad.,Checkout Process,Neutral
Checkout Process is too slow and unresponsive.,Checkout Process,Negative
The Product Pages didn't work as I expected.,Product Pages,Negative
The Checkout Process didn't work as I expected.,Checkout Process,Negative
I'm indifferent about the Loading Times.,Loading Times,Neutral
The Navigation is neither good nor bad.,Navigation,Neutral
The Product Pages works as expected.,Product Pages,Neutral
"Loading Times is okay, nothing special.",Loading Times,Neutral
I found the Login Process to be confusing and frustrating.,Login Process,Negative
The Search Functionality is very user-friendly and efficient.,Search Functionality,Positive
Mobile Responsiveness is just average.,Mobile Responsiveness,Neutral
I found the Search Functionality to be confusing and frustrating.,Search Functionality,Negative
I'm very satisfied with the Checkout Process.,Checkout Process,Positive
I found the Search Functionality to be confusing and frustrating.,Search Functionality,Negative
I'm disappointed with the Loading Times.,Loading Times,Negative
I love how smooth the Navigation is.,Navigation,Positive
The Navigation needs a lot of improvement.,Navigation,Negative
I'm very satisfied with the Search Functionality.,Search Functionality,Positive
The Navigation didn't work as I expected.,Navigation,Negative
Checkout Process is too slow and unresponsive.,Checkout Process,Negative
The Login Process didn't work as I expected.,Login Process,Negative
The Customer Support is neither good nor bad.,Customer Support,Neutral
I'm indifferent about the Customer Support.,Customer Support,Neutral
"Navigation is okay, nothing special.",Navigation,Neutral
The Loading Times is neither good nor bad.,Loading Times,Neutral
Mobile Responsiveness is just average.,Mobile Responsiveness,Neutral
The Login Process exceeded my expectations.,Login Process,Positive
I found the Login Process to be confusing and frustrating.,Login Process,Negative
The Mobile Responsiveness didn't work as I expected.,Mobile Responsiveness,Negative
I'm indifferent about the Loading Times.,Loading Times,Neutral
Search Functionality is too slow and unresponsive.,Search Functionality,Negative
The Mobile Responsiveness didn't work as I expected.,Mobile Responsiveness,Negative
"Loading Times is okay, nothing special.",Loading Times,Neutral
I love how smooth the Checkout Process is.,Checkout Process,Positive
I love how smooth the Search Functionality is.,Search Functionality,Positive
Search Functionality works perfectly!,Search Functionality,Positive
The Product Pages didn't work as I expected.,Product Pages,Negative
I found the Customer Support to be confusing and frustrating.,Customer Support,Negative
I'm indifferent about the Customer Support.,Customer Support,Neutral
I love how smooth the Mobile Responsiveness is.,Mobile Responsiveness,Positive
